{"bundle_id":"d9f89d392df175e351e595b4de09c2f04497c23c50f15f5cfcfd40046aad0c82","bundle_manifest_digest":"sha256:9145d22193c7cf407a218e7a4c03adc3fc11614de0bb6f3189b6f1bfc25cd7bf","challenge_window":{"chain":"unspecified","mode":"blocks","policy_id":"unspecified","value":"0"},"git_commit":"0c395653a9ae9ddbf4b37604af860a29358f826d","hash_alg":"sha256","leaf_count":15,"leaf_rule":"sha256(relpath + ':' + sha256(file_bytes))","leaves_digest":"sha256:7943fd4b217c89431fb15f47c8582bc4702966c27c171ccc878b3cd95befcae8","leaves_path":"anchor_leaves.json","merkle_root":"sha256:4ece1ad765a3bc8c9ee1f4e6408c761ed61ea64793517abb1b6315ac449163cf","repo":"Mopati123/hpl-spec","signing":{"alg":"ed25519","public_key":"d75a980182b10ab7d54bfed3c964073a0ee172f3daa62325af021a68f707511a","signature":"17b326db4bab8729c2ff0ff4056de14d80910b49099d02a6cacd2da9f3be8fd3845b5c7a52cbb4464abc0c913601a836d45e536443b667d1ed7c9083bbb5190b","signature_path":"anchor_manifest.sig","signed_payload_digest":"sha256:750cb5be096a3314edc938fedd4d45183a0e1c4a9d7510e4bb4bb45e9bfda3cc"}}